,City,Cloudiness,Country,Data,Humidity,Lat,Lng,Max Temp,Wind Speed
0,Tura,100,RU,1576616910,95,64.27,64.27,-17.23,4.47
1,Thompson,5,CA,1576616910,68,55.74,55.74,-18.4,3.36
2,Vaini,10,IN,1576616910,79,15.34,15.34,64.85,7.34
3,Sola,100,TZ,1576616911,86,-3.17,-3.17,66.67,4.36
4,Mataura,91,NZ,1576616911,85,-46.19,-46.19,52.0,14.0
5,Mahebourg,20,MU,1576616911,88,-20.41,-20.41,79.0,6.93
6,Punta Arenas,75,CL,1576616911,76,-53.16,-53.16,57.0,14.99
7,Bluff,3,AU,1576616911,66,-23.58,-23.58,73.18,17.2
8,Yellowknife,20,CA,1576616794,73,62.45,62.45,-27.0,3.36
9,Rikitea,100,PF,1576616911,91,-23.12,-23.12,74.7,7.29
10,Rawson,0,AR,1576616912,48,-43.3,-43.3,70.38,3.42
11,Longyearbyen,20,NO,1576616912,71,78.22,78.22,3.2,12.75
12,New Norfolk,75,AU,1576616912,72,-42.78,-42.78,60.8,8.05
13,Kaitangata,88,NZ,1576616912,66,-46.28,-46.28,55.0,14.0
14,Avarua,44,CK,1576616912,74,-21.21,-21.21,80.6,18.34
15,Ushuaia,75,AR,1576616911,62,-54.81,-54.81,59.0,3.36
16,Hami,41,CN,1576616912,83,42.84,42.84,18.77,1.83
17,Hobart,75,AU,1576616673,72,-42.88,-42.88,60.8,8.05
18,Avera,90,US,1576616912,88,33.19,33.19,68.0,8.05
19,Puerto Ayora,75,EC,1576616831,58,-0.74,-0.74,82.4,11.41
20,Hermanus,100,ZA,1576616913,87,-34.42,-34.42,60.01,11.99
21,Castro,90,CL,1576616913,93,-42.48,-42.48,59.0,19.46
22,Khatanga,98,RU,1576616913,97,71.98,71.98,-11.24,4.43
23,Nouadhibou,99,MR,1576616913,60,20.93,20.93,68.0,11.41
24,Ures,0,MX,1576616913,17,30.73,30.73,66.99,5.99
25,Victoria,75,BN,1576616914,88,5.28,5.28,80.6,2.24
26,Hecun,100,CN,1576616914,91,29.94,29.94,45.01,5.75
27,Nemuro,100,JP,1576616914,92,43.32,43.32,40.96,13.09
28,Busselton,81,AU,1576616914,43,-33.64,-33.64,64.99,10.42
29,Vanimo,100,PG,1576616914,85,-2.67,-2.67,79.54,11.41
30,Timra,68,SE,1576616914,92,62.49,62.49,23.0,5.82
31,Mountain Home,1,US,1576616655,55,43.13,43.13,35.6,16.11
32,Atuona,0,PF,1576616915,70,-9.8,-9.8,80.55,15.73
33,Kruisfontein,24,ZA,1576616915,76,-34.0,-34.0,62.96,18.43
34,Georgetown,75,GY,1576616894,70,6.8,6.8,84.2,13.87
35,Te Anau,30,NZ,1576616915,74,-45.41,-45.41,46.45,1.97
36,Nybro,75,SE,1576616915,100,56.75,56.75,44.6,6.93
37,Manaure,40,CO,1576616915,46,11.78,11.78,93.2,12.75
38,Kiunga,100,PG,1576616915,98,-6.12,-6.12,72.73,1.14
39,Dunedin,99,NZ,1576616915,70,-45.87,-45.87,53.01,21.0
40,Butaritari,100,KI,1576616916,75,3.07,3.07,81.73,4.83
41,Poronaysk,100,RU,1576616916,90,49.22,49.22,16.86,6.38
42,Jamestown,50,AU,1576616916,14,-33.21,-33.21,84.34,13.62
43,Adamovka,100,RU,1576616916,95,51.52,51.52,19.27,10.54
44,Opuwo,67,NA,1576616916,60,-18.06,-18.06,70.47,4.25
45,Kabanjahe,40,ID,1576616889,100,3.1,3.1,75.2,4.7
46,Isangel,97,VU,1576616916,85,-19.55,-19.55,78.73,13.4
47,Cape Town,75,ZA,1576616916,77,-33.93,-33.93,66.0,24.16
48,Marawi,39,PH,1576616917,89,8.0,8.0,70.0,7.0
49,Cassilandia,100,BR,1576616707,84,-19.11,-19.11,77.29,2.01
50,Iquitos,75,PE,1576616769,55,-3.75,-3.75,91.4,4.7
51,Saint George,20,GR,1576616917,93,39.45,39.45,51.8,5.82
52,Trelew,16,AR,1576616669,16,-43.25,-43.25,85.39,17.74
53,Tasiilaq,20,GL,1576616917,53,65.61,65.61,21.2,3.36
54,Albany,90,US,1576616908,79,42.65,42.65,30.0,5.82
55,Komsomolskiy,95,RU,1576616918,92,67.55,67.55,14.09,2.28
56,Airai,36,TL,1576616918,71,-8.93,-8.93,66.65,3.36
57,Dhidhdhoo,98,MV,1576616918,77,6.88,6.88,82.09,10.54
58,Suntar,100,RU,1576616918,96,62.16,62.16,-20.38,4.94
59,Kupang,59,ID,1576616918,78,-10.16,-10.16,82.92,2.37
60,Kavieng,61,PG,1576616918,76,-2.57,-2.57,83.05,11.27
61,Jackson,1,US,1576616782,61,43.48,43.48,26.6,5.82
62,Itarema,96,BR,1576616919,71,-2.92,-2.92,80.76,9.26
63,Mega,0,ET,1576616919,63,4.06,4.06,67.15,9.95
64,Hirara,88,JP,1576616919,83,24.8,24.8,75.04,1.57
65,Bredasdorp,100,ZA,1576616919,42,-34.53,-34.53,68.0,12.75
66,Dikson,86,RU,1576616919,96,73.51,73.51,-0.42,4.25
67,Mogadouro,93,PT,1576616919,83,41.34,41.34,38.16,4.54
68,Pevek,100,RU,1576616920,95,69.7,69.7,-2.61,1.32
69,Iwanai,95,JP,1576616920,78,42.97,42.97,32.27,11.52
70,Aykhal,75,RU,1576616920,82,65.95,65.95,-20.2,6.71
71,Boden,0,SE,1576616920,92,65.83,65.83,23.0,3.36
72,Ahipara,72,NZ,1576616920,70,-35.17,-35.17,62.91,27.0
73,Ejido,99,VE,1576616920,93,8.55,8.55,53.4,3.83
74,Dezful,0,IR,1576616920,84,32.38,32.38,53.91,1.72
75,Austin,1,US,1576616459,23,30.27,30.27,55.0,19.46
76,Mayo,40,CA,1576616921,83,63.59,63.59,-7.6,2.06
77,Saint-Philippe,90,CA,1576616921,86,45.36,45.36,28.4,2.24
78,Rome,20,IT,1576616757,82,41.89,41.89,60.01,4.7
79,Portland,90,US,1576616703,92,43.66,43.66,28.0,9.17
80,Freeport,75,BS,1576616682,74,26.54,26.54,82.4,14.99
81,Kenai,75,US,1576616921,70,60.55,60.55,35.01,12.75
82,Narsaq,75,GL,1576616921,25,60.91,60.91,39.2,34.45
83,Iquique,85,CL,1576616922,56,-20.22,-20.22,73.4,12.75
84,Le Pradet,100,FR,1576616922,100,46.44,46.44,46.4,6.93
85,Nikolskoye,75,RU,1576616922,93,59.7,59.7,37.99,4.47
86,Ino,51,JP,1576616922,85,33.55,33.55,56.46,3.36
87,Calvinia,67,ZA,1576616922,72,-31.47,-31.47,51.6,13.31
88,Lalsot,20,IN,1576616922,100,26.56,26.56,46.4,1.88
89,Husavik,21,CA,1576616922,73,50.56,50.56,-6.0,5.01
90,Sorland,75,NO,1576616923,100,67.67,67.67,37.4,2.24
91,Riyadh,40,SA,1576616923,71,24.63,24.63,55.4,5.82
92,Kodiak,1,US,1576616923,79,39.95,39.95,34.0,8.05
93,Tuktoyaktuk,20,CA,1576616923,73,69.44,69.44,-29.2,3.36
94,College,40,US,1576616923,84,64.86,64.86,7.0,4.45
95,Upernavik,100,GL,1576616923,50,72.79,72.79,12.27,7.49
96,Poum,90,MK,1576616923,93,41.28,41.28,39.2,2.24
97,Karaton,20,ID,1576616923,88,-6.34,-6.34,77.0,6.93
98,Sexsmith,75,CA,1576616924,85,55.35,55.35,37.0,2.24
99,Sinnamary,92,GF,1576616924,83,5.38,5.38,79.93,20.92
100,Garden City,1,US,1576616924,55,43.62,43.62,35.6,16.11
101,Piacabucu,27,BR,1576616924,75,-10.41,-10.41,79.16,8.84
102,Bereda,20,ES,1576616924,71,43.27,43.27,50.0,14.99
103,Kati,81,ML,1576616924,18,12.75,12.75,82.4,6.93
104,Xuddur,0,SO,1576616924,42,4.12,4.12,75.51,11.27
105,Grand Gaube,20,MU,1576616924,88,-20.01,-20.01,79.0,6.93
106,Bonavista,100,CA,1576616925,66,48.65,48.65,28.99,23.0
107,Nishihara,75,JP,1576616925,93,35.74,35.74,48.2,4.7
108,Barrow,33,AR,1576616925,10,-38.31,-38.31,87.87,5.73
109,Grabovo,0,HR,1576616925,87,45.28,45.28,44.6,5.82
110,Owando,84,CG,1576616925,77,-0.49,-0.49,77.38,1.39
111,Algiers,90,US,1576616925,75,29.94,29.94,48.2,17.22
112,Leh,44,IN,1576616926,30,34.16,34.16,1.08,0.63
113,Payo,100,ID,1576616926,92,-3.75,-3.75,67.26,2.53
114,Martapura,86,ID,1576616926,93,-3.41,-3.41,73.06,1.52
115,Nantucket,90,US,1576616926,100,41.28,41.28,43.0,16.11
116,Saskylakh,100,RU,1576616926,97,71.97,71.97,-14.04,6.62
117,Alice Springs,100,AU,1576616635,14,-23.7,-23.7,75.2,1.12
118,Loandjili,40,CG,1576616926,100,-4.77,-4.77,77.0,3.36
119,Blagoyevo,100,RU,1576616927,97,63.37,63.37,23.63,3.18
120,Port Macquarie,15,AU,1576616861,93,-31.43,-31.43,73.0,3.62
121,Berlevag,75,NO,1576616927,92,70.86,70.86,30.2,5.82
122,San Quintin,0,PH,1576616927,72,17.54,17.54,65.89,4.47
123,Taonan,0,CN,1576616948,75,45.34,45.34,1.26,6.51
124,Port Alfred,66,ZA,1576616948,83,-33.59,-33.59,66.99,13.0
125,Chokurdakh,100,RU,1576616949,98,70.62,70.62,-17.77,6.53
126,Tessalit,37,ML,1576616949,8,20.2,20.2,64.71,3.65
127,Hilo,75,US,1576616800,65,19.71,19.71,80.6,4.7
128,Salalah,75,OM,1576616949,69,17.01,17.01,78.8,4.7
129,Codrington,92,AU,1576616949,88,-28.95,-28.95,66.2,5.14
130,Hofn,99,IS,1576616949,66,64.25,64.25,38.26,29.93
131,Bethel,20,US,1576616949,92,60.79,60.79,15.8,12.75
132,Klaksvik,0,FO,1576616950,80,62.23,62.23,35.6,1.12
133,Huambo,100,AO,1576616950,97,-12.78,-12.78,61.74,1.3
134,Broome,70,GB,1576616950,93,52.47,52.47,44.01,6.93
135,Pirovskoye,98,RU,1576616950,95,57.63,57.63,5.05,4.97
136,Nuuk,20,GL,1576616950,46,64.17,64.17,32.0,2.24
137,Raigarh,0,IN,1576616951,88,21.9,21.9,59.97,1.92
138,Havoysund,75,NO,1576616951,85,71.0,71.0,32.0,2.24
139,Necochea,0,AR,1576616874,42,-38.55,-38.55,70.0,5.99
140,Half Moon Bay,90,US,1576616951,58,37.46,37.46,61.0,10.54
141,Bansdih,0,IN,1576616951,64,25.88,25.88,55.33,6.49
142,Kirakira,99,SB,1576616951,81,-10.46,-10.46,79.97,5.79
143,Zheleznodorozhnyy,90,RU,1576616952,86,55.75,55.75,37.99,4.47
144,Mar del Plata,95,AR,1576616876,31,-46.43,-46.43,76.03,34.87
145,Lagoa,20,PT,1576616952,76,37.14,37.14,55.0,4.7
146,Biak,100,ID,1576616952,70,-0.91,-0.91,82.36,4.03
147,Port Hardy,90,CA,1576616952,93,50.7,50.7,44.6,3.42
148,Hobyo,11,SO,1576616952,72,5.35,5.35,77.68,13.82
149,Qaanaaq,40,GL,1576616952,45,77.48,77.48,-4.9,5.06
150,Isabela,100,PH,1576616953,95,10.2,10.2,69.98,7.43
151,Seoul,90,KR,1576616894,80,37.57,37.57,35.6,3.36
152,Kalanguy,100,RU,1576616953,99,51.01,51.01,-10.48,2.15
153,Erzin,1,TR,1576616953,100,36.95,36.95,48.2,1.97
154,Saurimo,92,AO,1576616953,94,-9.66,-9.66,66.54,1.97
155,San Patricio,0,PY,1576616953,47,-26.98,-26.98,83.39,5.5
156,Constitucion,5,MX,1576616954,12,23.99,23.99,66.2,9.17
157,Cabo San Lucas,40,MX,1576616766,69,22.89,22.89,77.0,4.7
158,Troy,90,US,1576616675,79,42.73,42.73,30.0,5.82
159,Tual,25,ID,1576616954,68,-5.67,-5.67,83.52,4.5
160,Port Hawkesbury,40,CA,1576616954,63,45.62,45.62,28.0,16.11
161,Rapid Valley,1,US,1576616955,44,44.06,44.06,46.0,13.87
162,Guacari,75,CO,1576616955,94,3.76,3.76,69.8,4.88
163,Namatanai,78,PG,1576616955,71,-3.66,-3.66,82.24,11.43
164,Faanui,63,PF,1576616955,78,-16.48,-16.48,81.48,19.73
165,Sayyan,5,YE,1576616955,45,15.17,15.17,56.8,3.58
166,Kushima,7,JP,1576616955,79,31.5,31.5,65.16,14.61
167,Tingi,30,TZ,1576616956,80,-11.3,-11.3,67.44,3.24
168,Zhezkazgan,69,KZ,1576616956,94,47.8,47.8,13.87,9.69
169,Malanje,100,AO,1576616956,95,-9.54,-9.54,67.05,3.36
170,Kapaa,75,US,1576616956,74,22.08,22.08,80.6,18.34
171,Kichera,100,RU,1576616956,88,55.93,55.93,-4.77,2.73
172,Chernyshevskiy,92,RU,1576616956,94,63.01,63.01,-22.2,6.76
173,Sao Gabriel da Cachoeira,78,BR,1576616956,63,-0.13,-0.13,85.77,1.19
174,Nizwa,2,OM,1576616706,81,22.93,22.93,60.75,0.69
175,Talnakh,75,RU,1576616957,84,69.49,69.49,5.0,20.13
176,Araouane,67,ML,1576616957,11,18.9,18.9,70.43,10.51
177,Maun,100,BW,1576616957,38,-19.99,-19.99,84.04,5.28
178,Ewa Beach,40,US,1576616956,57,21.32,21.32,82.0,14.99
179,Kiruna,100,SE,1576616957,86,67.86,67.86,26.6,5.82
180,Temba,0,ZA,1576616957,77,-25.38,-25.38,69.01,4.9
181,Iqaluit,90,CA,1576616957,54,63.75,63.75,30.2,14.99
182,Sitka,0,US,1576616958,32,37.17,37.17,43.0,11.01
183,Geraldton,75,CA,1576616958,64,49.72,49.72,1.4,9.17
184,Chapais,1,CA,1576616958,77,49.78,49.78,-0.4,2.62
185,Adrar,0,DZ,1576616958,29,27.87,27.87,57.2,9.17
186,Cherskiy,100,RU,1576616959,98,68.75,68.75,-20.15,3.67
187,Copiapo,40,CL,1576616959,63,-27.37,-27.37,66.2,8.05
188,Xai-Xai,35,MZ,1576616959,78,-25.04,-25.04,65.91,5.55
189,Wodonga,41,AU,1576616959,60,-36.12,-36.12,73.0,3.85
190,Lysva,100,RU,1576616960,96,58.11,58.11,17.98,3.74
191,Sur,23,OM,1576616960,71,22.57,22.57,69.31,1.83
192,Kysyl-Syr,100,RU,1576616961,98,63.9,63.9,-23.01,2.98
193,Srandakan,91,ID,1576616961,89,-7.94,-7.94,74.52,2.01
194,Umm Lajj,0,SA,1576616961,34,25.02,25.02,62.51,16.08
195,Abha,95,SA,1576616961,76,18.22,18.22,59.0,4.7
196,Tiksi,94,RU,1576616961,93,71.64,71.64,-24.77,5.06
197,Altay,67,CN,1576616961,67,47.83,47.83,-0.69,3.44
198,Kawalu,100,ID,1576616962,91,-7.38,-7.38,71.4,1.14
199,Daru,38,PG,1576616962,79,-9.07,-9.07,78.33,5.82
200,Pese,100,PA,1576616962,73,7.91,7.91,84.94,2.33
201,Zhigansk,96,RU,1576616962,96,66.77,66.77,-24.07,8.14
202,Prado,25,CO,1576616962,56,3.75,3.75,83.46,2.86
203,Piopio,90,CL,1576616963,100,-42.79,-42.79,59.0,8.05
204,Mmabatho,67,ZA,1576616963,60,-25.85,-25.85,73.4,13.87
205,Ribeira Grande,40,PT,1576616963,77,38.52,38.52,64.4,34.45
206,Arraial do Cabo,20,BR,1576616963,66,-22.97,-22.97,84.2,16.11
207,Omsukchan,0,RU,1576616963,99,62.53,62.53,-35.28,3.0
208,Digboi,4,IN,1576616963,98,27.4,27.4,55.04,2.53
209,Gallup,1,US,1576616964,22,35.53,35.53,33.8,10.29
210,Atikokan,99,CA,1576616964,85,48.76,48.76,-6.74,10.09
211,Moses Lake,90,US,1576616965,80,47.13,47.13,32.0,3.36
212,Kozluk,2,TR,1576616965,93,38.17,38.17,39.2,5.82
213,Luba,0,PH,1576616966,72,17.32,17.32,65.89,4.47
214,Morondava,89,MG,1576616968,72,-20.3,-20.3,78.98,7.0
215,Hithadhoo,36,MV,1576616969,73,-0.6,-0.6,83.05,8.52
216,Moroto,0,UG,1576616971,46,2.53,2.53,76.01,7.14
217,San Rafael,10,AR,1576616972,12,-34.61,-34.61,90.99,19.1
218,Meadow Lake,90,CA,1576616972,72,54.13,54.13,17.6,2.24
219,Clyde River,75,CA,1576616973,92,70.47,70.47,5.0,3.36
220,Rome,20,IT,1576616757,82,41.89,41.89,60.01,4.7
221,Paramonga,41,PE,1576616973,84,-10.68,-10.68,66.13,9.8
222,Puerto Carreno,40,CO,1576616973,46,6.19,6.19,91.4,13.87
223,Fare,49,PF,1576616973,73,-16.7,-16.7,81.88,16.73
224,Humberto de Campos,100,BR,1576616973,78,-2.6,-2.6,80.38,6.67
225,Lushoto,100,TZ,1576616975,96,-4.8,-4.8,67.86,0.81
226,Port-Cartier,20,CA,1576616975,51,50.03,50.03,12.2,12.75
227,Coquimbo,20,CL,1576616975,68,-29.95,-29.95,73.99,11.41
228,Cabano,90,CA,1576616975,73,47.68,47.68,23.0,9.17
229,Egvekinot,100,RU,1576616976,93,66.32,66.32,6.03,11.86
230,Mayna,91,RU,1576616976,84,53.0,53.0,12.16,4.54
231,Shingu,10,JP,1576616976,84,33.72,33.72,62.73,11.32
232,Rio Gallegos,90,AR,1576616976,76,-51.62,-51.62,57.2,13.87
233,Ballina,90,IE,1576616976,100,54.11,54.11,37.99,5.82
234,Saldanha,93,PT,1576616976,83,41.42,41.42,38.16,4.54
235,Norman Wells,40,CA,1576616977,73,65.28,65.28,-31.0,2.24
236,Aksu,95,KZ,1576616977,84,52.04,52.04,-0.4,6.71
237,Igrim,100,RU,1576616977,94,63.19,63.19,8.29,6.2
238,Alta Floresta,20,BR,1576616977,70,-9.87,-9.87,84.2,2.24
239,Koroni,0,GR,1576616977,93,36.8,36.8,57.99,2.24
240,Lebu,32,ET,1576616977,71,8.96,8.96,57.2,13.87
241,Yangjiang,17,CN,1576616977,88,21.85,21.85,65.62,2.8
242,Kaoma,0,ZM,1576616978,88,-14.8,-14.8,66.52,3.58
243,Vostok,98,RU,1576616978,99,46.45,46.45,-9.87,5.41
244,Zyryanka,100,RU,1576616978,98,65.73,65.73,-19.34,2.64
245,Lorengau,0,PG,1576616978,73,-2.02,-2.02,83.84,7.65
246,Nome,40,US,1576616978,57,30.04,30.04,54.0,14.99
247,Harboore,100,DK,1576616978,100,56.62,56.62,42.8,2.24
248,Mogadishu,95,SO,1576616716,81,2.04,2.04,81.45,24.56
249,La Romana,75,DO,1576616979,94,18.43,18.43,82.4,20.8
250,Hadrut,0,AZ,1576616979,76,39.52,39.52,40.1,2.8
251,Umtata,0,ZA,1576616979,38,-31.59,-31.59,77.0,10.29
252,Changji,95,CN,1576616979,75,32.07,32.07,43.72,8.63
253,Babstovo,0,RU,1576616979,70,48.12,48.12,-1.37,12.06
254,Galle,61,GN,1576616980,62,10.08,10.08,72.37,3.27
255,Chuy,34,UY,1576616979,82,-33.69,-33.69,66.22,11.48
256,Ponta do Sol,61,BR,1576616980,74,-20.63,-20.63,75.29,6.73
257,Wakkanai,100,JP,1576616980,80,45.41,45.41,33.13,17.98
258,Salvador,20,BR,1576616754,69,-12.98,-12.98,82.4,13.87
259,Lakselv,75,NO,1576616981,100,70.05,70.05,24.8,3.36
260,Umm Kaddadah,0,SD,1576616981,27,13.6,13.6,64.35,14.2
261,Puerto Rico,64,CO,1576616981,71,1.91,1.91,83.79,2.44
262,Mallow,75,IE,1576616981,86,52.14,52.14,37.4,4.7
263,Soyo,75,AO,1576616981,88,-6.13,-6.13,82.4,6.93
264,Tateyama,100,JP,1576616981,90,36.66,36.66,54.0,3.18
265,Skelleftea,0,SE,1576616838,100,64.75,64.75,23.0,4.7
266,Mae Sai,0,MM,1576616982,100,20.44,20.44,60.8,2.28
267,Neftcala,0,AZ,1576616982,81,39.37,39.37,53.19,11.5
268,Jieshi,0,CN,1576616982,90,22.82,22.82,65.84,2.53
269,Carnarvon,0,ZA,1576616982,37,-30.97,-30.97,62.94,15.12
270,Talcahuano,76,CL,1576616982,52,-36.72,-36.72,69.8,18.34
271,Svetlogorsk,90,RU,1576616982,92,53.14,53.14,15.8,8.95
272,Kasangulu,75,CD,1576616982,83,-4.59,-4.59,80.6,6.93
273,Kyela,74,MW,1576616983,84,-9.6,-9.6,71.38,3.53
274,East London,72,ZA,1576616983,64,-33.02,-33.02,77.09,24.4
275,Moose Factory,20,CA,1576616983,84,51.26,51.26,3.2,5.82
276,Frohnleiten,20,AT,1576616983,76,47.27,47.27,48.99,5.82
277,Tuatapere,100,NZ,1576616983,85,-46.13,-46.13,52.0,14.0
278,Nueve de Julio,0,AR,1576616833,11,-31.67,-31.67,93.6,19.69
279,Antofagasta,40,CL,1576616730,68,-23.65,-23.65,68.0,13.87
280,Saint-Pierre,100,FR,1576616984,100,48.95,48.95,51.8,11.41
281,Road Town,40,VG,1576616984,69,18.42,18.42,84.2,14.99
282,Srednekolymsk,87,RU,1576616984,97,67.46,67.46,-20.65,7.27
283,San Carlos de Bariloche,40,AR,1576616812,40,-41.13,-41.13,69.8,28.86
284,Kavaratti,22,IN,1576616984,72,10.57,10.57,82.65,7.07
285,Ilulissat,40,GL,1576616984,41,69.22,69.22,24.8,12.75
286,Pangnirtung,75,CA,1576616984,52,66.15,66.15,19.4,2.24
287,Tezu,11,IN,1576616985,81,27.93,27.93,52.3,3.09
288,The Valley,20,AI,1576616966,69,18.22,18.22,82.4,18.34
289,Ulaanbaatar,1,MN,1576616794,67,47.92,47.92,-22.0,3.94
290,Gat,0,SN,1576616985,73,14.69,14.69,69.8,16.11
291,Fortuna,1,US,1576616910,35,40.6,40.6,61.0,25.28
292,Gold Coast,40,AU,1576616985,60,-28.0,-28.0,75.0,8.05
293,Tanete,34,ID,1576616985,96,-3.94,-3.94,73.92,3.04
294,Lasa,0,CY,1576616985,76,34.92,34.92,55.4,6.93
295,Kondol,100,RU,1576616986,97,52.82,52.82,32.0,12.71
296,Lermontovka,0,RU,1576616986,92,47.15,47.15,-9.0,1.81
297,Shaunavon,100,CA,1576616986,80,49.65,49.65,28.51,15.35
298,Potiskum,0,NG,1576616986,26,11.71,11.71,72.82,10.98
299,Kudahuvadhoo,100,MV,1576616986,78,2.67,2.67,82.45,15.21
300,Baiyin,75,CN,1576616986,85,36.55,36.55,19.4,4.47
301,Gemena,56,CD,1576616986,66,3.25,3.25,75.43,1.23
302,Bonanza,96,NI,1576616987,91,14.03,14.03,80.04,2.55
303,Morant Bay,20,JM,1576616987,78,17.88,17.88,82.4,29.97
304,Vila Franca do Campo,40,PT,1576616987,88,37.72,37.72,64.4,23.04
305,Marabba,30,SD,1576616987,19,12.35,12.35,70.75,12.3
306,Nsanje,0,MZ,1576616883,93,-16.92,-16.92,68.43,3.47
307,Mangan,0,IN,1576616987,46,27.5,27.5,34.32,5.95
308,Taoudenni,0,ML,1576616987,27,22.68,22.68,62.46,10.11
309,Bambous Virieux,20,MU,1576616988,88,-20.34,-20.34,79.0,6.93
310,Albion,1,US,1576616988,64,41.69,41.69,35.01,5.82
311,Cairns,75,AU,1576616744,74,-16.92,-16.92,79.0,9.17
312,Brae,0,GB,1576616988,92,60.4,60.4,35.6,4.09
313,Pontiac,75,US,1576616701,61,42.64,42.64,34.0,11.41
314,Linhares,11,BR,1576616988,81,-19.38,-19.38,77.97,6.78
315,Leningradskiy,100,RU,1576616988,95,69.38,69.38,1.54,11.79
316,Kuznetsk,100,RU,1576616989,97,53.11,53.11,30.72,9.15
317,Sao Jose da Coroa Grande,35,BR,1576616989,74,-8.9,-8.9,80.42,11.36
318,Pandan,91,PH,1576616989,81,11.72,11.72,79.23,22.93
319,Tirano,90,IT,1576616989,93,46.22,46.22,48.99,8.05
320,Cayenne,100,GF,1576616989,94,4.94,4.94,75.2,1.12
321,Beroroha,57,MG,1576616990,58,-21.68,-21.68,78.69,8.46
322,Taicheng,4,CN,1576616990,83,22.25,22.25,71.01,4.14
323,Sao Filipe,28,CV,1576616990,81,14.9,14.9,69.3,16.87
324,Boston,90,US,1576616935,98,42.36,42.36,37.4,9.17
325,Ostrovnoy,100,RU,1576616990,91,68.05,68.05,30.11,11.25
326,Baglan,20,GB,1576616990,100,51.62,51.62,39.99,5.82
327,Lensk,91,RU,1576616990,98,60.71,60.71,-21.44,3.51
328,Lufilufi,100,WS,1576616991,94,-13.87,-13.87,78.01,4.0
329,Faya,100,SA,1576616991,76,18.39,18.39,59.0,4.7
330,Belaya Gora,100,RU,1576616991,97,68.54,68.54,-22.14,3.49
331,Kargopol,100,RU,1576616991,98,61.51,61.51,32.25,5.88
332,Luderitz,24,NA,1576616991,72,-26.65,-26.65,66.2,5.82
333,Xiamen,7,CN,1576616991,100,24.46,24.46,62.6,2.24
334,Rock Sound,0,BS,1576616991,84,24.9,24.9,78.22,16.28
335,Baykit,88,RU,1576616992,97,61.68,61.68,-18.78,1.16
336,Hovd,76,NO,1576616992,85,63.83,63.83,39.99,9.17
337,Cururupu,100,BR,1576616992,81,-1.82,-1.82,78.53,3.87
338,Madera,1,US,1576616791,35,36.96,36.96,60.8,6.93
339,Severo-Kurilsk,100,RU,1576616992,98,50.68,50.68,31.64,16.71
340,Leua,5,AO,1576616992,90,-11.65,-11.65,65.97,1.39
341,Marrakesh,20,MA,1576616992,81,31.63,31.63,50.0,1.12
342,Deputatskiy,81,RU,1576616993,93,69.3,69.3,-26.73,3.94
343,Chicama,75,PE,1576616993,78,-7.84,-7.84,71.6,10.29
344,Sulangan,100,PH,1576616993,81,11.14,11.14,80.31,14.99
345,Escarcega,86,MX,1576616993,90,18.61,18.61,76.98,6.71
346,Zhaoqing,48,CN,1576616881,84,23.05,23.05,68.83,1.63
347,Manado,75,ID,1576616891,94,1.49,1.49,75.2,2.24
348,Bowen,40,AU,1576616994,74,-20.01,-20.01,82.0,11.41
349,Kamenka,58,MD,1576616994,90,48.03,48.03,34.0,3.36
350,Oranjemund,90,ZA,1576616994,73,-28.55,-28.55,63.18,7.0
351,San Cristobal,32,HN,1576616994,35,14.68,14.68,83.21,7.85
352,Goksun,24,TR,1576616994,70,38.02,38.02,46.4,4.7
353,Riberalta,75,BO,1576616994,62,-11.0,-11.0,89.6,11.41
354,Hamilton,90,CA,1576616947,74,43.26,43.26,35.01,12.75
355,Barra do Garcas,75,BR,1576616995,74,-15.89,-15.89,82.4,2.24
356,Alberton,0,ZA,1576616995,72,-26.25,-26.25,69.01,2.24
357,Sadove,21,UA,1576616995,100,46.25,46.25,41.0,4.47
358,Tiarei,40,PF,1576616995,66,-17.53,-17.53,87.8,13.87
359,Lata,0,IN,1576616995,15,30.78,30.78,20.97,8.05
360,Salo,75,FI,1576616995,93,60.38,60.38,41.0,4.7
361,Mount Gambier,41,AU,1576616995,46,-37.83,-37.83,69.8,9.17
362,Mayenne,75,FR,1576616995,100,48.3,48.3,44.6,6.93
363,Sistranda,70,NO,1576616745,65,63.73,63.73,39.0,17.22
364,Kaka,99,TM,1576616996,51,37.35,37.35,43.84,4.56
365,Labuhan,100,ID,1576616996,97,-2.54,-2.54,72.88,1.36
366,Santa Cruz,86,BR,1576616996,59,-6.22,-6.22,80.1,12.82
367,Cananeia,100,BR,1576616996,98,-25.01,-25.01,72.16,4.81
368,Afua,0,NG,1576616996,73,5.27,5.27,79.65,5.53
369,Vao,100,EE,1576616996,98,59.1,59.1,36.34,6.55
370,Ugoofaaru,100,MV,1576616996,77,5.67,5.67,83.34,24.11
371,Havre,1,US,1576616997,64,48.55,48.55,37.4,17.22
372,Port Elizabeth,90,US,1576616997,93,39.31,39.31,48.0,5.82
373,Manuk Mangkaw,83,PH,1576616997,77,4.8,4.8,81.25,8.16
374,Homnabad,70,IN,1576616766,71,17.77,17.77,65.12,7.7
375,Coos Bay,1,US,1576616997,57,43.37,43.37,51.8,6.93
376,Numan,0,NG,1576616997,20,9.46,9.46,78.17,3.65
377,Toro,100,ES,1576616888,86,41.52,41.52,43.0,8.05
378,Eureka,1,US,1576616902,35,40.8,40.8,61.0,25.28
379,Praia,20,BR,1576616998,31,-20.25,-20.25,87.8,5.82
380,Cutro,20,IT,1576616998,82,39.04,39.04,62.6,17.22
381,Kovdor,89,RU,1576616998,94,67.56,67.56,21.58,8.08
382,Nichinan,7,JP,1576616998,79,31.65,31.65,65.16,14.61
383,Bilma,0,NE,1576616999,26,18.69,18.69,64.92,10.0
384,Dubti,0,ET,1576616999,53,11.74,11.74,77.81,8.84
385,Smithers,40,CA,1576616922,80,54.78,54.78,39.2,2.24
386,Faro,20,PT,1576616999,76,37.02,37.02,55.0,4.7
387,Sobolevo,100,RU,1576616999,97,54.43,54.43,37.58,6.24
388,Vardo,90,US,1576616884,80,39.62,39.62,39.2,16.11
389,Mackay,90,CA,1576616999,85,53.65,53.65,28.4,2.24
390,Yerbogachen,1,RU,1576617000,95,61.28,61.28,-28.73,4.81
391,Torbay,75,CA,1576617000,63,47.66,47.66,30.0,36.91
392,Kumluca,0,TR,1576617000,48,36.37,36.37,54.64,3.65
393,Aktau,75,KZ,1576617000,87,43.65,43.65,42.8,4.47
394,Umba,98,RU,1576617000,94,66.69,66.69,30.34,8.97
395,Autazes,93,BR,1576617000,72,-3.58,-3.58,83.75,3.51
396,Otane,100,NZ,1576617000,94,-39.89,-39.89,50.0,4.0
397,Karabulak,0,KZ,1576617000,47,44.91,44.91,18.82,2.55
398,Damietta,0,EG,1576617001,82,31.42,31.42,62.6,5.82
399,Rakaia,100,NZ,1576617001,71,-43.76,-43.76,60.01,19.46
400,Santana do Acarau,45,BR,1576617001,52,-3.46,-3.46,84.85,10.87
401,Katangli,85,RU,1576617001,89,51.71,51.71,1.18,8.86
402,Samarai,33,PG,1576617002,84,-10.62,-10.62,76.32,2.98
403,Abu Zabad,0,SD,1576617002,20,12.35,12.35,64.6,12.06
404,Namibe,0,AO,1576617002,79,-15.19,-15.19,74.19,12.82
405,Raudeberg,75,NO,1576617003,93,61.99,61.99,41.0,11.41
406,Marystown,44,CA,1576617003,68,47.17,47.17,29.16,33.04
407,Ypsonas,20,CY,1576617003,87,34.69,34.69,55.4,2.24
408,Acapulco,40,MX,1576617003,58,16.86,16.86,86.0,8.05
409,Lahij,3,YE,1576617003,73,13.06,13.06,76.62,7.83
410,Zaysan,0,KZ,1576617004,88,47.47,47.47,2.71,1.21
411,Dawlatabad,100,AF,1576617004,32,36.41,36.41,48.36,5.12
412,Cidreira,100,BR,1576617004,74,-30.17,-30.17,70.63,11.18
413,Lakhipur,0,IN,1576617004,74,26.03,26.03,55.04,1.7
414,Jucas,100,BR,1576617004,47,-6.53,-6.53,85.21,1.79
415,Kalabo,100,ZM,1576617005,72,-15.0,-15.0,71.67,3.6
416,Ust-Tsilma,100,RU,1576617005,95,65.44,65.44,14.99,5.26
417,San Antonio,23,CL,1576617005,60,-33.58,-33.58,86.0,14.99
418,Henties Bay,1,NA,1576617005,91,-22.12,-22.12,63.0,7.0
419,Correntina,81,BR,1576617005,60,-13.34,-13.34,75.7,1.41
420,Semirom,0,IR,1576617006,78,31.41,31.41,27.52,1.36
421,Novosokolniki,100,RU,1576617006,97,56.35,56.35,37.38,4.03
422,Hunucma,90,MX,1576617006,94,21.02,21.02,82.99,5.82
423,Pisco,20,PE,1576617006,30,-13.71,-13.71,71.6,10.29
424,Balabac,100,PH,1576617006,80,7.99,7.99,81.12,15.64
425,De Land,90,US,1576617006,100,40.12,40.12,23.0,13.87
426,Chiredzi,0,ZW,1576617007,76,-21.05,-21.05,67.98,2.24
427,Ariquemes,100,BR,1576617007,75,-9.91,-9.91,83.98,3.44
428,Puerto Ayacucho,40,CO,1576617007,46,5.66,5.66,91.4,13.87
429,Formosa do Rio Preto,100,BR,1576617007,49,-11.04,-11.04,80.26,2.86
430,Hasaki,75,JP,1576617008,100,35.73,35.73,46.4,3.36
431,Ormara,51,PK,1576617008,50,25.21,25.21,73.22,4.79
432,Muros,40,ES,1576617008,87,42.77,42.77,55.0,10.29
433,Kahului,40,US,1576617008,54,20.89,20.89,82.4,14.99
434,Casablanca,40,MA,1576616998,93,33.6,33.6,53.6,6.93
435,Gusinoye Ozero,54,RU,1576617008,89,51.11,51.11,-5.78,5.99
436,Kedrovyy,75,RU,1576617009,72,56.17,56.17,15.8,2.24
437,Manaus,40,BR,1576617009,74,-3.13,-3.13,84.2,8.05
438,Vizinga,100,RU,1576617009,96,61.08,61.08,19.76,3.09
439,Canico,20,PT,1576617009,77,32.63,32.63,64.4,3.36
440,Dalvik,75,SE,1576617010,100,57.79,57.79,43.0,3.36
441,Warri,56,NG,1576616925,78,5.52,5.52,78.13,3.04
442,Clarksburg,90,US,1576616790,86,39.24,39.24,41.0,11.41
443,Kjopsvik,75,NO,1576617010,93,68.1,68.1,35.6,26.4
444,Boralday,90,KZ,1576617010,92,43.36,43.36,19.4,2.24
445,Pyaozerskiy,91,RU,1576617011,94,65.83,65.83,23.76,6.78
446,Tutoia,100,BR,1576617011,70,-2.76,-2.76,84.2,20.8
447,Los Llanos de Aridane,0,ES,1576617011,77,28.66,28.66,62.6,4.7
448,Galveston,1,US,1576617011,86,40.58,40.58,34.0,16.11
449,Ancud,90,CL,1576617011,93,-41.87,-41.87,59.0,19.46
450,Bend,1,US,1576616959,54,44.06,44.06,37.0,10.29
451,Yatou,40,CM,1576617012,88,3.63,3.63,82.4,1.12
452,Los Banos,1,US,1576616950,30,37.06,37.06,61.0,16.11
453,Jiangyan,100,CN,1576617012,74,32.51,32.51,46.99,5.01
454,Arman,100,RU,1576616841,96,59.7,59.7,7.32,14.65
455,Kadnikov,100,RU,1576617012,98,59.5,59.5,32.76,4.83
456,Sawang Daen Din,0,TH,1576617012,89,17.48,17.48,68.02,5.82
457,Swift Current,1,CA,1576617013,85,50.29,50.29,32.0,13.87
458,Monywa,2,MM,1576617013,77,22.12,22.12,65.03,3.22
459,Port Lincoln,0,AU,1576617013,27,-34.72,-34.72,82.38,4.94
460,Rincon,40,PA,1576617013,74,8.46,8.46,86.0,8.05
461,Panama City,90,US,1576617013,87,30.16,30.16,55.4,11.41
462,Esperance,90,AU,1576617013,88,-33.86,-33.86,64.4,8.05
463,Charters Towers,57,AU,1576617013,69,-20.07,-20.07,78.3,9.1
464,Kefamenanu,7,ID,1576617014,84,-9.45,-9.45,71.71,2.37
465,Bom Jesus da Lapa,21,BR,1576617014,25,-13.25,-13.25,96.8,9.17
466,Mehamn,97,NO,1576617014,80,71.03,71.03,32.0,3.36
467,Rocha,0,UY,1576616727,61,-34.48,-34.48,66.85,11.86
468,San Ramon de la Nueva Oran,0,AR,1576617014,25,-23.13,-23.13,90.73,6.06
469,Kanniyakumari,72,IN,1576617014,77,8.08,8.08,79.03,30.8
470,Ankang,100,CN,1576617014,89,32.73,32.73,36.09,3.2
471,Mount Isa,0,AU,1576617015,83,-20.73,-20.73,77.0,13.85
472,Laela,100,TZ,1576617015,96,-8.57,-8.57,61.48,1.1
473,Zeya,25,RU,1576617015,85,53.74,53.74,-22.56,3.6
474,Galesong,20,ID,1576617015,100,-5.32,-5.32,75.2,1.12
475,Iralaya,5,HN,1576617015,77,15.0,15.0,81.1,10.85
476,Falmouth,67,GB,1576617015,93,50.16,50.16,46.0,5.82
477,Provideniya,98,RU,1576617016,73,64.42,64.42,24.8,2.24
478,Thinadhoo,100,MV,1576617016,75,0.53,0.53,82.22,6.85
479,Goderich,96,CA,1576617016,74,43.74,43.74,30.99,1.99
480,Ketchikan,90,US,1576616769,87,55.34,55.34,42.8,6.93
481,Belmonte,86,PT,1576617016,84,40.36,40.36,43.0,3.94
482,Abnub,0,EG,1576617016,62,27.27,27.27,55.4,11.41
483,Ngunguru,31,NZ,1576617016,66,-35.62,-35.62,66.0,18.01
484,Olinda,19,AU,1576617016,56,-37.84,-37.84,70.0,10.29
485,Arlit,62,NE,1576617017,12,18.74,18.74,70.95,2.35
486,Pangoa,100,PE,1576617017,64,-12.12,-12.12,80.37,2.46
487,Yulara,60,AU,1576617017,26,-25.24,-25.24,82.4,9.17
488,Kaeo,24,NZ,1576617017,66,-35.1,-35.1,66.0,18.01
489,Doha,75,QA,1576616941,73,25.29,25.29,69.8,14.99
490,Fort-Shevchenko,69,KZ,1576617017,86,44.51,44.51,40.15,9.48
491,Shimoda,0,JP,1576617017,83,34.7,34.7,55.0,1.99
492,Waingapu,12,ID,1576617018,75,-9.65,-9.65,84.06,4.59
493,Frejus,100,FR,1576617018,97,44.93,44.93,44.01,1.01
494,Atar,23,MR,1576617018,34,20.52,20.52,62.4,12.71
495,Palmer,0,AU,1576617018,17,-34.85,-34.85,91.99,9.17
496,Oga,90,IT,1576617018,93,46.46,46.46,43.0,8.05
497,Saint-Augustin,90,CA,1576617018,74,45.63,45.63,28.4,3.36
498,Aklavik,5,CA,1576617018,66,68.22,68.22,-22.0,2.24
499,Saint Anthony,40,US,1576617018,57,43.97,43.97,26.6,8.05
500,Mareeba,75,AU,1576617019,74,-16.99,-16.99,79.0,9.17
501,Indian Head,53,CA,1576617019,72,50.53,50.53,14.0,7.27
502,Olavarria,67,AR,1576617019,33,-36.89,-36.89,82.0,4.0
503,Carutapera,91,BR,1576617019,80,-1.2,-1.2,82.2,20.07
504,Gandajika,64,CD,1576617019,89,-6.75,-6.75,69.53,2.04
505,Naze,0,NG,1576617019,88,5.43,5.43,80.6,3.36
506,Teknaf,15,BD,1576617019,81,20.86,20.86,59.4,2.44
507,Caravelas,0,BR,1576617019,84,-17.73,-17.73,76.91,10.22
508,Daloa,8,CI,1576617020,35,6.88,6.88,79.12,3.15
509,Flinders,0,AU,1576617020,77,-34.58,-34.58,70.0,5.82
510,Ust-Karsk,3,RU,1576617020,95,52.71,52.71,-16.83,2.62
511,Shahreza,67,IR,1576617020,81,32.01,32.01,38.84,4.59
512,Onalaska,90,US,1576617020,74,43.88,43.88,30.2,10.29
513,Glens Falls,90,US,1576616672,92,43.31,43.31,28.99,6.93
514,Eenhana,100,NA,1576617020,45,-17.48,-17.48,82.4,2.24
515,Coldingham,5,GB,1576617021,75,55.89,55.89,37.99,5.82
516,Komatipoort,0,MZ,1576617021,77,-25.43,-25.43,69.8,3.36
517,Jamame,19,SO,1576617021,78,0.07,0.07,82.56,19.84
518,Kashan,100,IR,1576617021,80,33.99,33.99,45.0,5.55
519,Khorixas,100,NA,1576617021,39,-20.37,-20.37,76.77,6.87
520,Kenora,5,CA,1576617021,63,49.76,49.76,-4.0,12.75
521,Beringovskiy,99,RU,1576617022,89,63.05,63.05,13.62,15.86
522,Vila Velha,100,BR,1576617022,66,-3.71,-3.71,84.2,13.87
523,Dukat,40,AL,1576617022,93,40.25,40.25,57.99,13.71
524,Dondo,75,MZ,1576617022,65,-19.62,-19.62,78.8,12.75
525,Alugan,100,PH,1576617022,83,12.22,12.22,80.24,13.15
526,Tiassale,75,CI,1576617022,83,5.9,5.9,78.82,4.12
527,Nanortalik,100,GL,1576617023,60,60.14,60.14,33.96,20.96
528,North Bend,1,US,1576617023,57,43.41,43.41,52.0,6.93
529,Guerrero Negro,0,MX,1576617023,25,27.97,27.97,66.52,2.95
530,Burnie,100,AU,1576617023,97,-41.05,-41.05,60.01,1.99
531,Paamiut,35,GL,1576617023,46,61.99,61.99,32.09,19.17
532,Takoradi,99,GH,1576617023,79,4.89,4.89,82.18,11.79
533,Aberdeen,90,US,1576617024,75,46.98,46.98,52.0,3.36
534,Corner Brook,90,CA,1576617024,79,48.95,48.95,26.6,21.92
535,Medina,0,SA,1576617024,31,24.47,24.47,60.8,14.99
536,Mombetsu,71,JP,1576617024,87,44.35,44.35,36.16,18.16
